{
  "prefix": "dataset/processed/ecfp46_b2048_base",
  "best_params": {
    "colsample_bytree": 0.7065147651481355,
    "corr_thresh": 0.9268706818912591,
    "early_stopping_rounds": 80,
    "gamma": 0.008924593060705976,
    "learning_rate": 0.00834880250461793,
    "max_delta_step": 0.5229332006287377,
    "max_depth": 10,
    "min_child_weight": 14.530415715300366,
    "n_estimators": 1684,
    "reg_alpha": 0.0015229831008859217,
    "reg_lambda": 0.14464987875836996,
    "subsample": 0.6782623084497081,
    "zero_thresh": 0.9474119951136512
  },
  "best_cv_rmse": 0.6386885468462096,
  "max_evals": 160
}