{
  "r2": 0.6688770651817322,
  "rmse": 0.6763503924891724,
  "n_train": 1093,
  "n_test": 194,
  "n_feat_before": 2215,
  "n_feat_after": 214
}